farm,region,zone,district,lon,lat,altitude,cultivar,shade,cropping_system,farm_management,inc,sev2
1,SNNPR,Bench Maji,Debub Bench,35.442499999999995,6.904722222222222,1100,Local,Sun,Plantation,Unmanaged,86.7080535556397,55.57986232916504
2,SNNPR,Bench Maji,Debub Bench,35.442499999999995,6.904722222222222,1342,Mixture,Mid shade,Plantation,Minimal,51.343537414966,17.90349149659864
3,SNNPR,Bench Maji,Debub Bench,35.42861111111111,6.904444444444445,1434,Mixture,Mid shade,Plantation,Minimal,43.2,8.2512
4,SNNPR,Bench Maji,Debub Bench,35.42861111111111,6.904444444444445,1100,Local,Sun,Plantation,Unmanaged,76.7080535556397,46.10154018693946
5,SNNPR,Bench Maji,Debub Bench,35.42861111111111,6.904444444444445,1400,Local,Sun,Plantation,Unmanaged,47.1580832960143,12.251670040304516
6,SNNPR,Bench Maji,Debub Bench,35.39222222222222,6.903333333333333,1342,Mixture,Mid shade,Plantation,Minimal,51.343537414966,19.91102380952382
7,SNNPR,Bench Maji,Debub Bench,35.393055555555556,6.904444444444445,1432,Mixture,Mid shade,Plantation,Minimal,48.2670487056803,11.907480915691332
8,SNNPR,Bench Maji,Debub Bench,35.39416666666666,6.895555555555555,1100,Local,Sun,Plantation,Unmanaged,86.7080535556397,55.57986232916504
9,SNNPR,Bench Maji,Debub Bench,35.39555555555555,6.893055555555555,1400,Local,Sun,Plantation,Unmanaged,47.1580832960143,11.553730407523503
10,SNNPR,Bench Maji,Debub Bench,35.37083333333334,6.881388888888889,1342,Mixture,Mid shade,Plantation,Minimal,51.14,11.370867826086956
11,SNNPR,Bench Maji,Debub Bench,35.370555555555555,6.881388888888889,1432,Mixture,Mid shade,Plantation,Minimal,48.2670487056803,16.579731230401183
12,SNNPR,Bench Maji,Debub Bench,35.370555555555555,6.873611111111112,1100,Local,Sun,Plantation,Unmanaged,75.96,45.712728
13,SNNPR,Bench Maji,Debub Bench,35.37083333333334,6.883333333333333,1400,Local,Sun,Plantation,Unmanaged,47.39,11.648462
14,SNNPR,Bench Maji,Debub Bench,35.36083333333333,6.895555555555555,1342,Mixture,Mid shade,Plantation,Minimal,51.343537414966,22.067452380952385
15,SNNPR,Bench Maji,Debub Bench,35.39555555555555,6.927222222222222,1432,Mixture,Mid shade,Plantation,Minimal,48.2670487056803,10.129165177202237
16,SNNPR,Bench Maji,Guraferda,35.481944444444444,6.959722222222222,1023,Local,Sun,Plantation,Unmanaged,53.17,26.159640000000007
17,SNNPR,Bench Maji,Guraferda,35.481944444444444,6.9591666666666665,1245,Mixture,Mid shade,Garden,Minimal,34.6,6.8058200000000015
18,SNNPR,Bench Maji,Guraferda,35.481388888888894,6.952777777777778,1023,Local,Sun,Plantation,Unmanaged,38.42,15.7522
19,SNNPR,Bench Maji,Guraferda,35.42916666666667,6.943611111111111,1323,Mixture,Mid shade,Garden,Minimal,32.5,6.487
20,SNNPR,Bench Maji,Guraferda,35.53805555555555,6.952500000000001,1023,Local,Sun,Plantation,Unmanaged,52.21,24.778866
21,SNNPR,Bench Maji,Guraferda,35.32916666666667,6.859999999999999,1567,Mixture,Mid shade,Garden,Minimal,38.43,12.159252
22,SNNPR,Bench Maji,Guraferda,35.44222222222223,6.9366666666666665,1023,Local,Sun,Plantation,Unmanaged,48.42,12.782880000000002
23,SNNPR,Bench Maji,Guraferda,35.4425,6.936944444444444,1867,Mixture,Mid shade,Garden,Minimal,32.5,2.3074999999999997
24,SNNPR,Bench Maji,Guraferda,35.19611111111111,6.771944444444444,1023,Local,Sun,Plantation,Unmanaged,48.45,19.220115
25,SNNPR,Bench Maji,Guraferda,35.19472222222222,6.771388888888889,1023,Local,Sun,Plantation,Unmanaged,39.56,11.571299999999999
26,SNNPR,Bench Maji,Guraferda,35.19472222222222,6.768888888888889,1023,Local,Sun,Plantation,Unmanaged,56.86,19.821396000000004
27,SNNPR,Bench Maji,Guraferda,35.3275,6.866666666666667,1023,Local,Sun,Plantation,Unmanaged,56.8,22.51552
28,SNNPR,Bench Maji,Guraferda,35.254444444444445,6.8116666666666665,1023,Local,Sun,Plantation,Unmanaged,71.4,35.52864
29,SNNPR,Bench Maji,Guraferda,35.465833333333336,6.811944444444444,1023,Local,Sun,Plantation,Unmanaged,42.89,15.783520000000001
30,SNNPR,Bench Maji,Guraferda,35.465833333333336,6.812222222222222,1023,Local,Sun,Plantation,Unmanaged,48.32,16.81536
31,SNNPR,Bench Maji,Sheko,35.465833333333336,7.038888888888889,1167,Local,Sun,Plantation,Unmanaged,72.2,26.714
32,SNNPR,Bench Maji,Sheko,35.46416666666667,7.039722222222222,1598,Mixture,Mid shade,Semiforest,Minimal,24.3,4.01922
33,SNNPR,Bench Maji,Sheko,35.46194444444445,7.0408333333333335,1167,Local,Sun,Plantation,Unmanaged,72.1,26.677
34,SNNPR,Bench Maji,Sheko,35.431666666666665,7.0713888888888885,1598,Mixture,Mid shade,Semiforest,Minimal,33.2,8.05432
35,SNNPR,Bench Maji,Sheko,35.4175,7.072222222222222,1167,Local,Sun,Plantation,Unmanaged,69.86,23.899106
36,SNNPR,Bench Maji,Sheko,35.465833333333336,7.072777777777778,1598,Mixture,Mid shade,Semiforest,Minimal,23.66,4.365270000000001
37,SNNPR,Bench Maji,Sheko,35.4175,7.072222222222222,1167,Local,Sun,Plantation,Unmanaged,56.8488135795828,19.47071865100711
38,SNNPR,Bench Maji,Sheko,35.42194444444444,7.106944444444444,1598,Mixture,Mid shade,Semiforest,Minimal,22.2,3.5964000000000005
39,SNNPR,Bench Maji,Sheko,35.436388888888885,7.1225,1167,Local,Sun,Plantation,Unmanaged,68.8,25.318399999999997
40,SNNPR,Bench Maji,Sheko,35.43583333333333,7.1225,1167,Local,Sun,Plantation,Unmanaged,56.8488135795828,19.447979125575277
41,SNNPR,Bench Maji,Sheko,35.43527777777778,7.123055555555555,1498,Mixture,Mid shade,Semiforest,Minimal,32.2,6.2146
42,SNNPR,Bench Maji,Sheko,35.43666666666666,7.123055555555555,1167,Local,Sun,Plantation,Unmanaged,56.8488135795828,19.447979125575277
43,SNNPR,Bench Maji,Sheko,35.41972222222222,7.183611111111111,1598,Mixture,Mid shade,Semiforest,Minimal,22.2,3.1435200000000005
44,SNNPR,Bench Maji,Sheko,35.41972222222222,7.183611111111111,1167,Local,Sun,Plantation,Unmanaged,61.23,23.395982999999998
45,SNNPR,Bench Maji,Sheko,35.419999999999995,7.1825,1598,Mixture,Mid shade,Semiforest,Minimal,22.2,2.9082
46,SNNPR,Sheka,Yeki,35.419999999999995,7.1825,1200,Local,Sun,Plantation,Unmanaged,81.8,47.035
47,SNNPR,Sheka,Yeki,35.419999999999995,7.1825,1456,Mixture,Mid shade,Garden,Minimal,29.54,8.06442
48,SNNPR,Sheka,Yeki,35.419999999999995,7.1825,1389,Mixture,Mid shade,Garden,Moderate,31.52,8.951679999999998
49,SNNPR,Sheka,Yeki,35.420833333333334,7.182777777777778,1200,Local,Sun,Plantation,Unmanaged,54.54,19.236258
50,SNNPR,Sheka,Yeki,35.41722222222222,7.169444444444445,1372,Local,Sun,Plantation,Unmanaged,74.53,34.604279
51,SNNPR,Sheka,Yeki,35.41722222222222,7.169444444444445,1456,Mixture,Mid shade,Garden,Minimal,32.74,8.93802
52,SNNPR,Sheka,Yeki,35.41722222222222,7.169444444444445,1389,Mixture,Mid shade,Garden,Minimal,42.43,14.655321999999998
53,SNNPR,Sheka,Yeki,35.41722222222222,7.169444444444445,1200,Local,Sun,Plantation,Unmanaged,74.23,31.829824000000006
54,SNNPR,Sheka,Yeki,35.31333333333333,7.48,1372,Local,Sun,Plantation,Unmanaged,76.89,29.410425
55,SNNPR,Sheka,Yeki,35.3075,7.487777777777778,1234,Improved,Full shade,Semiforest,Intensive,33.2,6.0756000000000006
56,SNNPR,Sheka,Yeki,35.41722222222222,7.169444444444445,1376,Improved,Full shade,Semiforest,Intensive,23.87,3.1031000000000004
57,SNNPR,Sheka,Yeki,35.324444444444445,7.072222222222222,1200,Local,Sun,Plantation,Unmanaged,68.68,26.682180000000006
58,SNNPR,Sheka,Yeki,37.63472222222222,7.476666666666667,1372,Local,Sun,Plantation,Unmanaged,72.87,39.546549000000006
59,SNNPR,Sheka,Yeki,35.38472222222222,7.474722222222223,1456,Mixture,Mid shade,Garden,Minimal,34.78,9.49494
60,SNNPR,Sheka,Yeki,35.38361111111111,7.491388888888889,1389,Mixture,Mid shade,Garden,Minimal,42.48,13.882463999999997
61,SNNPR,Sheka,Anderacha,35.39138888888889,7.482777777777778,1634,Mixture,Mid shade,Forest,Moderate,41.7829775588396,16.211795292829763
62,SNNPR,Sheka,Anderacha,35.41722222222222,7.169444444444445,1784,Mixture,Full shade,Semiforest,Moderate,31.34,10.238778
63,SNNPR,Sheka,Anderacha,35.39944444444444,7.621388888888889,1564,Mixture,Full shade,Semiforest,Moderate,33.4,10.7214
64,SNNPR,Sheka,Anderacha,35.501666666666665,7.7380555555555555,1256,Local,Sun,Plantation,Unmanaged,67.89,25.866090000000003
65,SNNPR,Sheka,Anderacha,35.55888888888889,7.78,1634,Mixture,Mid shade,Forest,Moderate,38.88,11.181888000000002
66,SNNPR,Sheka,Anderacha,35.55888888888889,7.778888888888889,1784,Mixture,Full shade,Semiforest,Moderate,31.21,5.758245
67,SNNPR,Sheka,Anderacha,35.56111111111111,7.771388888888889,1564,Mixture,Full shade,Semiforest,Moderate,34.23,7.667519999999999
68,SNNPR,Sheka,Anderacha,35.55638888888888,7.758333333333334,1256,Local,Sun,Plantation,Unmanaged,67.32,24.70644
69,SNNPR,Sheka,Anderacha,35.48444444444444,7.430833333333334,1634,Mixture,Mid shade,Forest,Moderate,41.7829775588396,11.908148604269284
70,SNNPR,Sheka,Anderacha,35.59305555555556,8.33,1784,Mixture,Full shade,Semiforest,Moderate,31.2,7.75632
71,SNNPR,Sheka,Anderacha,35.59666666666667,8.317777777777778,1564,Mixture,Full shade,Semiforest,Moderate,33.2,9.462
72,SNNPR,Sheka,Anderacha,35.596944444444446,8.31861111111111,1256,Local,Sun,Plantation,Unmanaged,79.3,30.213299999999997
73,SNNPR,Sheka,Anderacha,35.59722222222222,8.318055555555555,1634,Mixture,Mid shade,Forest,Moderate,41.7829775588396,9.777216748768465
74,SNNPR,Sheka,Anderacha,35.596944444444446,8.31861111111111,1584,Mixture,Full shade,Semiforest,Moderate,31.2,1.3104
75,SNNPR,Sheka,Anderacha,35.59805555555556,8.321388888888889,1564,Mixture,Full shade,Semiforest,Moderate,33.34,8.551710000000002
76,SNNPR,Sheka,Masha,35.59805555555556,8.321388888888889,1756,Mixture,Full shade,Semiforest,Intensive,38.3,10.149499999999998
77,SNNPR,Sheka,Masha,35.597500000000004,8.323055555555555,1623,Improved,Full shade,Forest,Intensive,14.68,1.9964799999999998
78,SNNPR,Sheka,Masha,35.597500000000004,8.323055555555555,1756,Mixture,Full shade,Semiforest,Intensive,33.24,5.4314160000000005
79,SNNPR,Sheka,Masha,35.598888888888894,8.230555555555556,1623,Improved,Full shade,Forest,Intensive,15.23,2.04082
80,SNNPR,Sheka,Masha,35.59861111111111,8.230277777777777,1756,Mixture,Full shade,Semiforest,Intensive,32.12,5.569608
81,SNNPR,Sheka,Masha,35.598888888888894,8.230555555555556,1923,Improved,Full shade,Forest,Intensive,14.5,0.45530000000000004
82,SNNPR,Sheka,Masha,35.584722222222226,8.23611111111111,1756,Mixture,Full shade,Semiforest,Intensive,32.14,7.533616000000001
83,SNNPR,Sheka,Masha,35.59916666666667,8.231111111111112,1923,Improved,Full shade,Forest,Intensive,24.2,3.7122800000000002
84,SNNPR,Sheka,Masha,35.522777777777776,8.091944444444445,1756,Mixture,Full shade,Semiforest,Intensive,27.3,4.76385
85,SNNPR,Sheka,Masha,35.52472222222222,8.0905555555555555,1856,Mixture,Full shade,Semiforest,Intensive,26.4,3.62472
86,SNNPR,Sheka,Masha,35.52583333333333,8.091111111111111,1756,Mixture,Full shade,Semiforest,Intensive,24.68,4.787919999999999
87,SNNPR,Sheka,Masha,35.52583333333333,8.092222222222222,1756,Mixture,Full shade,Semiforest,Intensive,22.16,2.894096
88,SNNPR,Sheka,Masha,35.525277777777774,8.093611111111112,1756,Mixture,Full shade,Semiforest,Intensive,23.19,2.8152660000000003
89,SNNPR,Sheka,Masha,35.531666666666666,8.093611111111112,1956,Mixture,Full shade,Semiforest,Intensive,25.15,3.694535
90,SNNPR,Sheka,Masha,35.81333333333333,8.093611111111112,1956,Mixture,Full shade,Semiforest,Intensive,23.12,3.1628160000000003
91,SNNPR,Keffa,Ginbo,35.80333333333333,7.280277777777778,1697,Mixture,Full shade,Forest,Intensive,21.34,2.5885420000000003
92,SNNPR,Keffa,Ginbo,35.80333333333333,8.668333333333333,1854,Improved,Full shade,Forest,Intensive,19.13,2.551942
93,SNNPR,Keffa,Ginbo,35.805277777777775,7.28,1697,Mixture,Full shade,Semiforest,Intensive,25.34,3.8364760000000007
94,SNNPR,Keffa,Ginbo,35.86333333333334,7.2,1854,Improved,Full shade,Forest,Intensive,19.7495894909688,3.3357056650246304
95,SNNPR,Keffa,Ginbo,35.86416666666667,7.2,1697,Mixture,Full shade,Forest,Intensive,22.23,3.6523890000000003
96,SNNPR,Keffa,Ginbo,35.86555555555556,7.199166666666667,1854,Improved,Full shade,Forest,Intensive,13.3,0.5187
97,SNNPR,Keffa,Ginbo,35.86694444444444,7.198055555555555,1697,Mixture,Full shade,Forest,Intensive,17.8275651551514,2.2462732095490763
98,SNNPR,Keffa,Ginbo,36.05611111111111,7.310833333333333,1854,Improved,Full shade,Forest,Intensive,19.79,2.822054
99,SNNPR,Keffa,Ginbo,36.05583333333333,7.309166666666666,1697,Mixture,Full shade,Forest,Intensive,16.62,2.09412
100,SNNPR,Keffa,Ginbo,36.05888888888889,7.3075,1697,Mixture,Full shade,Forest,Intensive,15.34,1.9328400000000003
101,SNNPR,Keffa,Ginbo,36.059444444444445,7.310277777777777,1697,Mixture,Full shade,Forest,Intensive,17.8275651551514,3.137651467306647
102,SNNPR,Keffa,Ginbo,36.06027777777778,7.306111111111111,1697,Mixture,Full shade,Forest,Intensive,19.56,2.325684
103,SNNPR,Keffa,Ginbo,36.10111111111111,7.305833333333333,1897,Mixture,Full shade,Forest,Intensive,16.46,2.10688
104,SNNPR,Keffa,Ginbo,36.09916666666667,7.311388888888889,1897,Mixture,Full shade,Semiforest,Intensive,22.56,2.8425599999999998
105,SNNPR,Keffa,Ginbo,36.1,7.3133333333333335,1897,Mixture,Full shade,Plantation,Intensive,63.3,17.407500000000002
106,SNNPR,Keffa,Chena,36.099444444444444,7.3133333333333335,1679,Mixture,Full shade,Forest,Intensive,30.8,8.3468
107,SNNPR,Keffa,Chena,36.1,7.3125,1876,Improved,Full shade,Forest,Intensive,13.9,1.62213
108,SNNPR,Keffa,Chena,36.230555555555554,7.3133333333333335,1679,Mixture,Full shade,Forest,Intensive,21.775992207026,4.819027075414854
109,SNNPR,Keffa,Chena,36.231388888888894,7.322222222222222,1876,Improved,Full shade,Forest,Intensive,14.3,1.55441
110,SNNPR,Keffa,Chena,36.23083333333334,7.3225,1679,Mixture,Full shade,Forest,Intensive,21.775992207026,4.126550523231427
111,SNNPR,Keffa,Chena,36.22416666666667,7.323611111111111,1876,Improved,Full shade,Forest,Intensive,12.8,0.5247999999999999
112,SNNPR,Keffa,Chena,35.52444444444444,7.332777777777777,1679,Mixture,Full shade,Forest,Intensive,15.6,2.99988
113,SNNPR,Keffa,Chena,35.81333333333333,7.279166666666667,1876,Improved,Full shade,Forest,Intensive,12.89,1.4153220000000002
114,SNNPR,Keffa,Chena,35.80333333333333,7.279166666666667,1679,Mixture,Full shade,Forest,Intensive,21.775992207026,4.2354304842665575
115,SNNPR,Keffa,Chena,35.80333333333333,7.280277777777778,1679,Mixture,Full shade,Forest,Intensive,18.41,4.440492
116,SNNPR,Keffa,Chena,35.805277777777775,7.280555555555556,1679,Mixture,Full shade,Forest,Intensive,21.74,4.465396
117,SNNPR,Keffa,Chena,35.86333333333334,7.28,1679,Mixture,Full shade,Forest,Intensive,18.5,3.4132499999999997
118,SNNPR,Keffa,Chena,35.86416666666667,7.2,1679,Mixture,Full shade,Forest,Intensive,21.775992207026,5.126068565533921
119,SNNPR,Keffa,Chena,35.86555555555556,7.2,1679,Mixture,Full shade,Forest,Intensive,17.4,3.80886
120,SNNPR,Keffa,Chena,36.05611111111111,7.199166666666667,1679,Mixture,Full shade,Garden,Intensive,34.5,8.16615
121,SNNPR,Keffa,Decha,36.05611111111111,7.199166666666667,1678,Mixture,Mid shade,Semiforest,Minimal,65.4,20.7972
122,SNNPR,Keffa,Decha,36.05583333333333,7.198055555555555,1678,Mixture,Full shade,Semiforest,Moderate,29.67,5.002362000000001
123,SNNPR,Keffa,Decha,36.05888888888889,7.322222222222222,1654,Mixture,Full shade,Semiforest,Intensive,27.89,3.9994259999999997
124,SNNPR,Keffa,Decha,36.059444444444445,7.3225,1786,Improved,Full shade,Forest,Intensive,23.67,3.020292
125,SNNPR,Keffa,Decha,36.06027777777778,7.323611111111111,1576,Mixture,Mid shade,Semiforest,Minimal,47.2413793103448,14.692068965517233
126,SNNPR,Keffa,Decha,36.10111111111111,7.332777777777777,1678,Mixture,Full shade,Semiforest,Moderate,39.5402298850575,9.616183908045983
127,SNNPR,Keffa,Decha,36.09916666666667,7.279166666666667,1854,Mixture,Full shade,Semiforest,Intensive,24.87,2.6892039130434786
128,SNNPR,Keffa,Decha,36.1,8.536944444444444,1654,Improved,Full shade,Forest,Intensive,19.83,1.7096908695652173
129,SNNPR,Keffa,Decha,36.099444444444444,7.280277777777778,1567,Mixture,Mid shade,Semiforest,Minimal,42.24,13.13664
130,SNNPR,Keffa,Decha,36.1,7.280555555555556,1678,Mixture,Full shade,Semiforest,Moderate,29.68,3.8300104347826087
131,SNNPR,Keffa,Decha,36.230555555555554,7.28,1654,Mixture,Full shade,Semiforest,Intensive,37.8275651551514,6.8997478842996145
132,SNNPR,Keffa,Decha,36.231388888888894,7.2,1768,Improved,Full shade,Forest,Intensive,19.6,0.7448
133,SNNPR,Keffa,Decha,36.23083333333334,7.2,1678,Mixture,Mid shade,Semiforest,Minimal,46.84,14.56724
134,SNNPR,Keffa,Decha,36.22416666666667,7.199166666666667,1678,Mixture,Full shade,Semiforest,Moderate,30.76,5.948984
135,SNNPR,Keffa,Decha,35.52444444444444,7.199166666666667,1654,Mixture,Full shade,Semiforest,Intensive,37.8275651551514,8.36745741231949
136,SNNPR,Sidama,Dale,38.44611111111111,6.98,1632,Mixture,Full shade,Garden,Intensive,18.6,4.527240000000001
137,SNNPR,Sidama,Dale,38.44611111111111,6.98,1987,Improved,Full shade,Garden,Intensive,16.5,0.6764999999999999
138,SNNPR,Sidama,Dale,38.44611111111111,6.98,1632,Mixture,Full shade,Garden,Intensive,17.34,2.944332
139,SNNPR,Sidama,Dale,38.44611111111111,6.98,1987,Improved,Full shade,Garden,Intensive,16.56,2.9476800000000005
140,SNNPR,Sidama,Dale,38.44611111111111,6.98,1632,Mixture,Full shade,Garden,Intensive,17.45,2.792
141,SNNPR,Sidama,Dale,38.44611111111111,6.98,1887,Improved,Full shade,Garden,Intensive,16.55,2.5486999999999997
142,SNNPR,Sidama,Dale,38.44611111111111,6.98,1632,Mixture,Full shade,Garden,Intensive,17.48,3.205832
143,SNNPR,Sidama,Dale,38.44611111111111,6.98,1787,Improved,Full shade,Garden,Intensive,16.79,2.9214599999999997
144,SNNPR,Sidama,Dale,38.44611111111111,6.98,1632,Mixture,Full shade,Garden,Intensive,18.34,2.9344
145,SNNPR,Sidama,Dale,38.44611111111111,6.98,1632,Mixture,Full shade,Garden,Intensive,17.96,2.8736
146,SNNPR,Sidama,Dale,38.51583333333333,6.735277777777778,1632,Mixture,Full shade,Garden,Intensive,16.45,2.6319999999999997
147,SNNPR,Sidama,Dale,38.49944444444444,6.743611111111111,1632,Mixture,Full shade,Garden,Intensive,38.25,10.90125
148,SNNPR,Sidama,Dale,38.50888888888888,7.009444444444444,1632,Mixture,Full shade,Garden,Intensive,18.98,3.602404
149,SNNPR,Sidama,Dale,38.50888888888888,7.009444444444444,1632,Mixture,Full shade,Garden,Intensive,17.98,3.3173100000000004
150,SNNPR,Sidama,Dale,38.48583333333333,6.991944444444444,1632,Mixture,Full shade,Garden,Intensive,18.67,4.419189
151,SNNPR,Sidama,Shebedino,38.687777777777775,7.073611111111111,1784,Local,Sun,Garden,Minimal,35.2,6.476800000000001
152,SNNPR,Sidama,Shebedino,38.687777777777775,7.073611111111111,1765,Improved,Full shade,Forest,Intensive,13.3,1.2768000000000002
153,SNNPR,Sidama,Shebedino,38.687777777777775,7.073611111111111,1684,Local,Sun,Garden,Minimal,19.71,3.6266399999999996
154,SNNPR,Sidama,Shebedino,38.67361111111111,7.072777777777778,1815,Improved,Full shade,Forest,Intensive,13.3,1.2768000000000002
155,SNNPR,Sidama,Shebedino,38.67361111111111,7.072777777777778,1584,Local,Sun,Garden,Minimal,24.93,4.5871200000000005
156,SNNPR,Sidama,Shebedino,38.54333333333333,6.975,1815,Improved,Full shade,Forest,Intensive,14.2,1.3631999999999997
157,SNNPR,Sidama,Shebedino,38.52305555555555,6.975,1584,Improved,Full shade,Forest,Intensive,13.35,0.9078
158,SNNPR,Sidama,Shebedino,38.52305555555555,6.975,1845,Improved,Full shade,Forest,Intensive,14.23,1.3660800000000002
159,SNNPR,Sidama,Shebedino,38.52305555555555,6.975,1584,Improved,Full shade,Forest,Intensive,14.87,1.79927
160,SNNPR,Sidama,Shebedino,38.52305555555555,6.975,1884,Improved,Full shade,Forest,Intensive,13.312,1.3165567999999999
161,SNNPR,Sidama,Shebedino,38.60611111111111,7.037777777777778,1784,Local,Sun,Garden,Minimal,19.43,2.7823759999999997
162,SNNPR,Sidama,Shebedino,38.60611111111111,7.037777777777778,1984,Improved,Full shade,Forest,Intensive,13.36,0.5076799999999999
163,SNNPR,Sidama,Shebedino,38.60611111111111,7.037777777777778,1684,Local,Sun,Garden,Minimal,17.48,2.599276
164,SNNPR,Sidama,Shebedino,38.608333333333334,7.111388888888889,1984,Improved,Full shade,Forest,Intensive,13.76,0.4953600000000001
165,SNNPR,Sidama,Shebedino,38.608333333333334,7.111388888888889,1784,Local,Sun,Garden,Minimal,18.56,3.1978880000000003
166,SNNPR,Sidama,Dara,38.323888888888895,6.480555555555556,989,Local,Sun,Plantation,Unmanaged,69.7,32.1317
167,SNNPR,Sidama,Dara,38.323888888888895,6.480555555555556,1368,Mixture,Mid shade,Garden,Minimal,34.0804597701149,8.240655172413783
168,SNNPR,Sidama,Dara,38.323888888888895,6.480555555555556,989,Local,Sun,Plantation,Unmanaged,47.67,18.691407
169,SNNPR,Sidama,Dara,38.323888888888895,6.480555555555556,1368,Mixture,Mid shade,Garden,Minimal,34.0804597701149,5.568747126436775
170,SNNPR,Sidama,Dara,38.323888888888895,6.480555555555556,989,Local,Sun,Plantation,Unmanaged,55.27,13.28162130434783
171,SNNPR,Sidama,Dara,38.31888888888889,6.457222222222223,1068,Mixture,Mid shade,Garden,Minimal,31.7,4.945200000000001
172,SNNPR,Sidama,Dara,38.31888888888889,6.457222222222223,989,Local,Sun,Plantation,Unmanaged,48.34,18.857434000000005
173,SNNPR,Sidama,Dara,38.31888888888889,6.457222222222223,1368,Mixture,Mid shade,Garden,Minimal,34.0804597701149,8.39060919540229
174,SNNPR,Sidama,Dara,38.31888888888889,6.457222222222223,989,Local,Sun,Plantation,Unmanaged,48.9,15.706679999999999
175,SNNPR,Sidama,Dara,38.31888888888889,6.457222222222223,989,Local,Sun,Plantation,Unmanaged,55.11,18.638202
176,SNNPR,Sidama,Dara,38.353611111111114,6.5808333333333335,989,Local,Sun,Plantation,Unmanaged,53.43,23.044359
177,SNNPR,Sidama,Dara,38.353611111111114,6.5808333333333335,989,Local,Sun,Plantation,Unmanaged,47.32,14.9058
178,SNNPR,Sidama,Dara,38.353611111111114,6.5808333333333335,989,Local,Sun,Plantation,Unmanaged,65,28.821
179,SNNPR,Sidama,Dara,38.353611111111114,6.5808333333333335,989,Local,Sun,Plantation,Unmanaged,54.23,20.732129
180,SNNPR,Sidama,Dara,38.353611111111114,6.5808333333333335,989,Local,Sun,Plantation,Unmanaged,49.45,16.981130000000004
181,SNNPR,Sidama,Aleta Wendo,38.401944444444446,6.620277777777778,1584,Improved,Full shade,Plantation,Intensive,36.7,10.349400000000001
182,SNNPR,Sidama,Aleta Wendo,38.401944444444446,6.620277777777778,1894,Improved,Full shade,Garden,Intensive,11.45,0.3893
183,SNNPR,Sidama,Aleta Wendo,38.655,6.625555555555556,1684,Improved,Full shade,Garden,Intensive,21.2,4.2188
184,SNNPR,Sidama,Aleta Wendo,38.655,6.625555555555556,1894,Improved,Full shade,Garden,Intensive,11.2,0.38079999999999997
185,SNNPR,Sidama,Aleta Wendo,38.659444444444446,6.641666666666667,1584,Improved,Full shade,Garden,Intensive,19.2,3.13728
186,SNNPR,Sidama,Aleta Wendo,38.50888888888889,6.818333333333333,1894,Improved,Full shade,Garden,Intensive,11.65,1.4213
187,SNNPR,Sidama,Aleta Wendo,38.50888888888889,6.568611111111111,1584,Improved,Full shade,Garden,Intensive,15.67,2.24081
188,SNNPR,Sidama,Aleta Wendo,38.50888888888889,6.568611111111111,1894,Improved,Full shade,Garden,Intensive,11.43,1.24587
189,SNNPR,Sidama,Aleta Wendo,38.50888888888889,6.568611111111111,1584,Improved,Full shade,Garden,Intensive,15.56,1.9372200000000002
190,SNNPR,Sidama,Aleta Wendo,38.529444444444444,6.593611111111111,1594,Improved,Full shade,Garden,Intensive,16.34,2.35296
191,SNNPR,Sidama,Aleta Wendo,38.63666666666666,6.865833333333333,1584,Improved,Full shade,Garden,Intensive,16.54,2.849842
192,SNNPR,Sidama,Aleta Wendo,38.63666666666666,6.865833333333333,1594,Improved,Full shade,Garden,Intensive,15.2,2.51408
193,SNNPR,Sidama,Aleta Wendo,38.63666666666666,6.865833333333333,1584,Improved,Full shade,Garden,Intensive,16.7,2.7220999999999997
194,SNNPR,Sidama,Aleta Wendo,38.62444444444444,6.874722222222221,1584,Improved,Full shade,Garden,Intensive,18.3,3.15309
195,SNNPR,Sidama,Aleta Wendo,38.6625,6.870277777777777,1584,Improved,Full shade,Garden,Intensive,17.5,2.6599999999999997
196,SNNPR,Gedio,Yirgachefe,38.20666666666667,6.120277777777777,1823,Improved,Full shade,Garden,Intensive,10.23,0.524799
197,SNNPR,Gedio,Yirgachefe,38.20666666666667,6.120277777777777,1898,Improved,Full shade,Garden,Intensive,10.21,1.358951
198,SNNPR,Gedio,Yirgachefe,38.20666666666667,6.120277777777777,1734,Mixture,Full shade,Semiforest,Intensive,26.7,6.835200000000001
199,SNNPR,Gedio,Yirgachefe,38.20666666666667,6.193333333333333,1823,Improved,Full shade,Garden,Intensive,12.4,2.0397999999999996
200,SNNPR,Gedio,Yirgachefe,38.2875,6.165555555555555,1898,Improved,Full shade,Garden,Intensive,11.3,1.4825599999999999
201,SNNPR,Gedio,Yirgachefe,38.42611111111111,6.326388888888889,1984,Improved,Full shade,Garden,Intensive,13.5,1.2001500000000003
202,SNNPR,Gedio,Yirgachefe,38.42611111111111,6.331944444444445,1734,Mixture,Full shade,Semiforest,Intensive,13.32,1.6383600000000003
203,SNNPR,Gedio,Yirgachefe,38.43277777777778,6.338055555555556,1898,Improved,Full shade,Garden,Intensive,10.3,1.42861
204,SNNPR,Gedio,Yirgachefe,38.43833333333334,6.335555555555556,1984,Improved,Full shade,Garden,Intensive,11.15,0.96782
205,SNNPR,Gedio,Yirgachefe,38.441388888888895,6.350277777777778,1734,Mixture,Full shade,Semiforest,Intensive,15.45,1.985325
206,SNNPR,Gedio,Yirgachefe,38.358333333333334,6.325555555555556,1898,Improved,Full shade,Garden,Intensive,11.29,1.578342
207,SNNPR,Gedio,Yirgachefe,38.356388888888894,6.328333333333333,1984,Improved,Full shade,Garden,Intensive,10.22,0.22484000000000007
208,SNNPR,Gedio,Yirgachefe,38.356388888888894,6.328333333333333,1734,Mixture,Full shade,Semiforest,Intensive,16.42,2.01966
209,SNNPR,Gedio,Yirgachefe,38.356388888888894,6.328333333333333,1898,Improved,Full shade,Garden,Intensive,10.42,1.3546
210,SNNPR,Gedio,Yirgachefe,38.3875,6.3175,1898,Improved,Full shade,Garden,Intensive,10.38,1.3494000000000002
211,SNNPR,Gedio,Wenago,38.27722222222222,6.413055555555555,1367,Local,Sun,Garden,Unmanaged,28.32,10.251840000000001
212,SNNPR,Gedio,Wenago,38.27722222222222,6.413055555555555,1765,Improved,Full shade,Garden,Intensive,22.6012588943623,3.480593869731794
213,SNNPR,Gedio,Wenago,38.27722222222222,6.413055555555555,1654,Local,Sun,Plantation,Unmanaged,39.4,14.2628
214,SNNPR,Gedio,Wenago,38.27722222222222,6.413055555555555,1798,Improved,Full shade,Garden,Intensive,21.43,3.3002199999999995
215,SNNPR,Gedio,Wenago,38.27722222222222,6.413055555555555,1734,Mixture,Full shade,Garden,Intensive,19.72,3.21436
216,SNNPR,Gedio,Wenago,38.27722222222222,6.413055555555555,1687,Improved,Full shade,Garden,Intensive,21.8,4.6673800000000005
217,SNNPR,Gedio,Wenago,38.27722222222222,6.413055555555555,1765,Local,Sun,Plantation,Unmanaged,32.2,11.656400000000001
218,SNNPR,Gedio,Wenago,38.27722222222222,6.413055555555555,1678,Improved,Full shade,Garden,Intensive,18.34,2.82436
219,SNNPR,Gedio,Wenago,38.27722222222222,6.413055555555555,1765,Local,Sun,Plantation,Unmanaged,36.2,12.746020000000001
220,SNNPR,Gedio,Wenago,38.27722222222222,6.413055555555555,1734,Mixture,Full shade,Garden,Intensive,19.9,2.4875
221,SNNPR,Gedio,Wenago,38.50611111111111,6.543333333333333,1734,Mixture,Full shade,Garden,Intensive,15.6,1.9344000000000001
222,SNNPR,Gedio,Wenago,38.50611111111111,6.543333333333333,1567,Local,Sun,Plantation,Unmanaged,29.23,7.0853519999999985
223,SNNPR,Gedio,Wenago,38.50611111111111,6.543333333333333,1734,Mixture,Full shade,Garden,Intensive,14.9,1.8327
224,SNNPR,Gedio,Wenago,38.49611111111111,6.551388888888889,1487,Local,Sun,Garden,Unmanaged,32.2,4.7012
225,SNNPR,Gedio,Wenago,38.49611111111111,6.551388888888889,1734,Mixture,Full shade,Garden,Intensive,14.7,1.8081
226,SNNPR,Gedio,Dila Zuria,38.37305555555555,6.563888888888888,1300,Local,Sun,Plantation,Unmanaged,63.42,17.487375652173913
227,SNNPR,Gedio,Dila Zuria,38.37694444444444,6.563333333333333,1267,Mixture,Mid shade,Garden,Minimal,51.7829775588396,11.65859462982298
228,SNNPR,Gedio,Dila Zuria,38.37694444444444,6.563333333333333,1445,Mixture,Mid shade,Garden,Minimal,27.2,1.4416
229,SNNPR,Gedio,Dila Zuria,38.37694444444444,6.563333333333333,1300,Local,Sun,Plantation,Unmanaged,64.4,21.97328
230,SNNPR,Gedio,Dila Zuria,38.37694444444444,6.563333333333333,1098,Local,Sun,Plantation,Unmanaged,72.1,38.6456
231,SNNPR,Gedio,Dila Zuria,38.42805555555555,6.425833333333334,1267,Mixture,Mid shade,Garden,Minimal,51.34,16.587954000000003
232,SNNPR,Gedio,Dila Zuria,38.42805555555555,6.425833333333334,1245,Mixture,Mid shade,Garden,Minimal,59.32,16.330795999999996
233,SNNPR,Gedio,Dila Zuria,38.42805555555555,6.425833333333334,1300,Local,Sun,Plantation,Unmanaged,42.23,20.198608999999998
234,SNNPR,Gedio,Dila Zuria,38.437777777777775,6.446666666666667,1098,Local,Sun,Plantation,Unmanaged,34.56,18.434304
235,SNNPR,Gedio,Dila Zuria,38.434444444444445,6.445833333333334,1467,Mixture,Mid shade,Garden,Minimal,31.43,4.294977826086957
236,SNNPR,Gedio,Dila Zuria,38.42,6.440277777777778,1445,Mixture,Mid shade,Garden,Minimal,29.5402298850575,4.785517241379315
237,SNNPR,Gedio,Dila Zuria,38.42,6.440277777777778,1300,Local,Sun,Plantation,Unmanaged,64.1580832960143,20.24829108822211
238,SNNPR,Gedio,Dila Zuria,38.42,6.440277777777778,1098,Local,Sun,Plantation,Unmanaged,72.7,42.3841
239,SNNPR,Gedio,Dila Zuria,38.42,6.440277777777778,1267,Mixture,Mid shade,Garden,Minimal,41.56,13.428036000000002
240,SNNPR,Gedio,Dila Zuria,38.4,6.651111111111112,1245,Mixture,Mid shade,Garden,Minimal,39.34,11.184362
286,Oromia,Jimma,Shebe Senbo,36.410555555555554,7.539722222222222,1674,Mixture,Full shade,Semiforest,Intensive,28.45,7.627445
287,Oromia,Jimma,Shebe Senbo,36.401944444444446,7.529444444444445,1567,Mixture,Mid shade,Garden,Moderate,48.2670487056803,9.38794097325482
288,Oromia,Jimma,Shebe Senbo,36.406388888888884,7.5375,1868,Mixture,Full shade,Semiforest,Moderate,22.86,1.30302
289,Oromia,Jimma,Shebe Senbo,36.41722222222222,7.521111111111111,1657,Mixture,Full shade,Semiforest,Moderate,47.45,9.789141304347828
290,Oromia,Jimma,Shebe Senbo,36.416666666666664,7.5216666666666665,1556,Local,Sun,Plantation,Unmanaged,50.6,18.468999999999998
291,Oromia,Jimma,Shebe Senbo,36.406388888888884,7.5375,1567,Mixture,Mid shade,Garden,Moderate,48.2670487056803,13.186557706391861
292,Oromia,Jimma,Shebe Senbo,36.452222222222225,7.5225,1568,Mixture,Full shade,Garden,Moderate,35.89,5.6004004347826095
293,Oromia,Jimma,Shebe Senbo,36.45277777777778,7.523611111111111,1657,Mixture,Full shade,Semiforest,Moderate,21.2,1.06
294,Oromia,Jimma,Shebe Senbo,36.45388888888889,7.524166666666667,1356,Local,Sun,Plantation,Unmanaged,50.6,17.6088
295,Oromia,Jimma,Shebe Senbo,36.45472222222222,7.525833333333333,1567,Mixture,Mid shade,Garden,Moderate,48.2670487056803,15.435802176076564
296,Oromia,Jimma,Shebe Senbo,36.48722222222222,7.491666666666667,1568,Mixture,Full shade,Semiforest,Moderate,36.65,5.840097826086956
297,Oromia,Jimma,Shebe Senbo,36.48722222222222,7.356944444444444,1657,Mixture,Full shade,Garden,Moderate,41.7759922070267,10.260183686045755
298,Oromia,Jimma,Shebe Senbo,36.43583333333333,7.490277777777778,1356,Local,Sun,Plantation,Unmanaged,49.7,11.47076
299,Oromia,Jimma,Shebe Senbo,36.492222222222225,7.496388888888889,1567,Mixture,Mid shade,Garden,Moderate,48.2670487056803,13.273438394062085
300,Oromia,Jimma,Shebe Senbo,36.49305555555556,7.498055555555555,1568,Mixture,Full shade,Garden,Moderate,42.12,7.713453913043478
301,Oromia,Jimma,Gera,36.59527777777778,7.847222222222222,1857,Mixture,Full shade,Garden,Moderate,31.7759922070267,3.6383511077045565
302,Oromia,Jimma,Gera,36.59638888888889,7.848333333333333,1721,Mixture,Full shade,Semiforest,Intensive,40.6,4.6690000000000005
303,Oromia,Jimma,Gera,36.653888888888886,7.852777777777778,1934,Improved,Full shade,Semiforest,Intensive,16.23,1.73661
304,Oromia,Jimma,Gera,36.67805555555555,7.826666666666666,1921,Mixture,Full shade,Semiforest,Intensive,23.45,2.8937299999999997
305,Oromia,Jimma,Gera,36.71138888888889,7.76,1934,Improved,Full shade,Semiforest,Intensive,19.89,2.12823
306,Oromia,Jimma,Gera,36.67805555555555,7.826666666666666,1821,Mixture,Full shade,Semiforest,Intensive,16.89,2.0048429999999997
307,Oromia,Jimma,Gera,36.778055555555554,7.993333333333333,1934,Improved,Full shade,Semiforest,Intensive,15.23,1.6296099999999998
308,Oromia,Jimma,Gera,36.67805555555555,7.826666666666666,1821,Mixture,Full shade,Semiforest,Intensive,24.058021595263,1.611887446882621
309,Oromia,Jimma,Gera,36.778055555555554,7.66,1934,Improved,Full shade,Semiforest,Intensive,9.5,0.4465
310,Oromia,Jimma,Gera,36.67805555555555,7.826666666666666,1821,Mixture,Full shade,Semiforest,Intensive,17.34,0.743886
311,Oromia,Jimma,Gera,36.778055555555554,8.326666666666666,1721,Mixture,Full shade,Forest,Intensive,11.6,0.37351999999999996
312,Oromia,Jimma,Gera,36.67805555555555,7.826666666666666,1721,Mixture,Full shade,Semiforest,Intensive,12.24,0.7527600000000001
313,Oromia,Jimma,Gera,37.01138888888889,8.326666666666666,1721,Mixture,Full shade,Forest,Intensive,18.4,1.0028000000000001
314,Oromia,Jimma,Gera,36.844722222222224,7.993333333333333,1721,Mixture,Full shade,Forest,Intensive,14.34,1.0181399999999998
315,Oromia,Jimma,Gera,36.05611111111111,7.310833333333333,1721,Mixture,Full shade,Forest,Intensive,17.34,1.1375039999999998
316,Oromia,Jimma,Gomma,36.08916666666667,7.275833333333333,1721,Mixture,Full shade,Forest,Intensive,19.23,3.526782
317,Oromia,Jimma,Gomma,36.05888888888889,7.3075,1523,Mixture,Mid shade,Garden,Minimal,44.82,9.313596
318,Oromia,Jimma,Gomma,36.08916666666667,7.275833333333333,1678,Mixture,Full shade,Semiforest,Moderate,31.6,6.152519999999999
319,Oromia,Jimma,Gomma,36.059444444444445,7.306111111111111,1786,Mixture,Full shade,Semiforest,Moderate,22.4,3.7183999999999995
320,Oromia,Jimma,Gomma,36.06027777777778,7.305833333333333,1589,Local,Sun,Plantation,Unmanaged,42.3,10.71882
321,Oromia,Jimma,Gomma,36.10111111111111,7.311388888888889,1523,Mixture,Mid shade,Garden,Minimal,45.3191348881004,10.582017996371444
322,Oromia,Jimma,Gomma,36.09916666666667,7.3133333333333335,1678,Mixture,Full shade,Semiforest,Moderate,31.7829775588396,8.08876778872468
323,Oromia,Jimma,Gomma,36.1,7.3133333333333335,1786,Mixture,Full shade,Semiforest,Moderate,34.0804597701149,5.602827586206891
324,Oromia,Jimma,Gomma,36.099444444444444,7.3125,1589,Local,Sun,Plantation,Unmanaged,31.54,3.598714
325,Oromia,Jimma,Gomma,36.1,7.3133333333333335,1523,Mixture,Mid shade,Garden,Minimal,45.3191348881004,10.813145584300756
326,Oromia,Jimma,Gomma,36.35666666666667,7.322222222222222,1678,Mixture,Full shade,Semiforest,Moderate,31.23,6.770664
327,Oromia,Jimma,Gomma,36.365,7.921666666666667,1586,Mixture,Full shade,Semiforest,Moderate,22.4,2.3161599999999996
328,Oromia,Jimma,Gomma,37.64944444444445,8.026666666666667,1689,Local,Sun,Plantation,Unmanaged,52.3,13.336500000000001
329,Oromia,Jimma,Gomma,36.97888888888889,8.931666666666667,1523,Mixture,Mid shade,Garden,Minimal,45.3191348881004,10.35089040844213
330,Oromia,Jimma,Gomma,35.52444444444444,8.536944444444444,1678,Mixture,Full shade,Semiforest,Moderate,44.65,11.09999
331,Oromia,Ilu AbaBora,Matu,35.52972222222222,8.537222222222223,1786,Mixture,Full shade,Semiforest,Moderate,32.86,7.340924
332,Oromia,Ilu AbaBora,Matu,35.50666666666667,8.143888888888888,1452,Local,Sun,Plantation,Minimal,57.2,16.874
333,Oromia,Ilu AbaBora,Matu,35.5125,8.143055555555556,1786,Mixture,Mid shade,Plantation,Moderate,52.6847290640394,14.530448275862067
334,Oromia,Ilu AbaBora,Matu,35.5225,8.144166666666667,1658,Mixture,Full shade,Semiforest,Intensive,26.42,5.373828
335,Oromia,Ilu AbaBora,Matu,35.54944444444444,8.166944444444443,1452,Local,Sun,Plantation,Minimal,47.89,12.863254
336,Oromia,Ilu AbaBora,Matu,35.54694444444444,8.1658333333333335,1786,Mixture,Mid shade,Semiforest,Moderate,46.16,11.761568
337,Oromia,Ilu AbaBora,Matu,35.54555555555555,8.16638888888889,1858,Mixture,Full shade,Semiforest,Intensive,25.57,2.842716956521739
338,Oromia,Ilu AbaBora,Matu,35.54805555555556,8.17,1452,Local,Sun,Plantation,Minimal,51.23,11.410925652173914
339,Oromia,Ilu AbaBora,Matu,35.54972222222222,8.175555555555555,1786,Mixture,Mid shade,Plantation,Moderate,48.34,13.332172
340,Oromia,Ilu AbaBora,Matu,35.795833333333334,8.393611111111111,1858,Mixture,Full shade,Semiforest,Intensive,18.86,1.5465200000000001
341,Oromia,Ilu AbaBora,Matu,35.79472222222222,8.391944444444444,1452,Local,Sun,Plantation,Minimal,57.2,15.198040000000002
342,Oromia,Ilu AbaBora,Matu,35.796388888888885,8.395555555555555,1786,Mixture,Mid shade,Garden,Moderate,34.64,9.526
343,Oromia,Ilu AbaBora,Matu,35.796388888888885,8.395555555555555,1675,Mixture,Full shade,Semiforest,Intensive,24.88,2.691366956521739
344,Oromia,Ilu AbaBora,Matu,35.78861111111111,8.398055555555555,1767,Mixture,Full shade,Semiforest,Intensive,25.76,2.8851200000000006
345,Oromia,Ilu AbaBora,Matu,35.79722222222222,8.371666666666668,1786,Mixture,Full shade,Semiforest,Intensive,18.89,0.7933800000000001
346,Oromia,Ilu AbaBora,Ale,35.79944444444444,8.373611111111112,1858,Mixture,Full shade,Semiforest,Intensive,24.34,2.5758069565217396
347,Oromia,Ilu AbaBora,Ale,35.87166666666667,8.358333333333333,1927,Improved,Full shade,Forest,Intensive,12.25,1.520225
348,Oromia,Ilu AbaBora,Ale,35.87166666666667,8.359722222222222,1923,Improved,Full shade,Forest,Intensive,15.7389162561576,1.9673645320197002
349,Oromia,Ilu AbaBora,Ale,35.8775,8.366944444444444,1642,Improved,Full shade,Forest,Intensive,20.7,2.13624
350,Oromia,Ilu AbaBora,Ale,35.87722222222222,8.366944444444444,1927,Improved,Full shade,Forest,Intensive,13.6,1.6877600000000004
351,Oromia,Ilu AbaBora,Ale,35.87777777777778,8.367222222222223,1923,Improved,Full shade,Forest,Intensive,13.45,1.6812499999999997
352,Oromia,Ilu AbaBora,Ale,35.87861111111111,8.366944444444444,1942,Improved,Full shade,Forest,Intensive,13.3,1.1504500000000002
353,Oromia,Ilu AbaBora,Ale,36.416666666666664,7.782222222222222,1927,Improved,Full shade,Forest,Intensive,13.2,1.6381200000000002
354,Oromia,Ilu AbaBora,Ale,36.41777777777777,7.783055555555555,1923,Improved,Full shade,Forest,Intensive,15.7389162561576,1.9673645320197002
355,Oromia,Ilu AbaBora,Ale,36.416666666666664,7.7825,1642,Improved,Full shade,Forest,Intensive,20.7,0.9521999999999999
356,Oromia,Ilu AbaBora,Ale,36.400555555555556,7.803055555555556,1927,Improved,Full shade,Forest,Intensive,11.3,0.36160000000000003
357,Oromia,Ilu AbaBora,Ale,36.399166666666666,7.786944444444444,1923,Improved,Full shade,Forest,Intensive,12.5,0.3125
358,Oromia,Ilu AbaBora,Ale,36.399166666666666,7.785277777777778,1923,Improved,Full shade,Forest,Intensive,15.7389162561576,0.7082512315270919
359,Oromia,Ilu AbaBora,Ale,36.42777777777778,7.784722222222222,1923,Improved,Full shade,Forest,Intensive,11.3,0.6327999999999999
360,Oromia,Ilu AbaBora,Ale,36.42833333333333,7.785555555555556,1923,Improved,Full shade,Forest,Intensive,15.7389162561576,1.18041871921182
361,Oromia,Ilu AbaBora,Yayo,36.43277777777777,7.783888888888889,1324,Local,Sun,Forest,Unmanaged,52.2,17.97246
362,Oromia,Ilu AbaBora,Yayo,36.4325,7.782777777777778,1445,Mixture,Mid shade,Forest,Minimal,34.2,5.085391304347827
363,Oromia,Ilu AbaBora,Yayo,36.43138888888889,7.782222222222222,1423,Mixture,Mid shade,Forest,Minimal,31.4733545768025,5.211987517918494
364,Oromia,Ilu AbaBora,Yayo,36.43083333333333,7.781944444444444,1280,Local,Sun,Forest,Unmanaged,61.2,14.339160000000001
365,Oromia,Ilu AbaBora,Yayo,36.43055555555555,7.781666666666666,1268,Local,Sun,Forest,Unmanaged,59.3,8.21898
366,Oromia,Ilu AbaBora,Yayo,36.43,7.913333333333333,1445,Mixture,Mid shade,Forest,Minimal,45.8641975308642,10.943197530864198
367,Oromia,Ilu AbaBora,Yayo,36.430277777777775,7.780833333333334,1423,Mixture,Mid shade,Forest,Minimal,43.5,8.030100000000001
368,Oromia,Ilu AbaBora,Yayo,36.59638888888889,7.847222222222222,1180,Local,Sun,Forest,Unmanaged,48.45,6.894435000000001
369,Oromia,Ilu AbaBora,Yayo,36.597500000000004,7.846666666666667,1268,Local,Sun,Forest,Unmanaged,68,9.112
370,Oromia,Ilu AbaBora,Yayo,36.594722222222224,7.845277777777778,1445,Mixture,Mid shade,Forest,Minimal,45.8641975308642,12.502580246913583
371,Oromia,Ilu AbaBora,Yayo,36.59444444444445,7.845277777777778,1423,Mixture,Mid shade,Forest,Minimal,42.43,10.234116
372,Oromia,Ilu AbaBora,Yayo,36.59444444444445,7.845,1180,Local,Sun,Forest,Unmanaged,68,30.7564
373,Oromia,Ilu AbaBora,Yayo,36.59388888888889,7.845,1268,Local,Sun,Forest,Unmanaged,68,31.864800000000002
374,Oromia,Ilu AbaBora,Yayo,36.593611111111116,7.845833333333333,1445,Mixture,Mid shade,Forest,Minimal,35.2,5.38713043478261
375,Oromia,Ilu AbaBora,Yayo,36.595,7.847222222222222,1423,Mixture,Mid shade,Forest,Minimal,33.2,4.792347826086957
376,Oromia,Bale,Harena Buluk,39.46666666666667,6.219444444444445,1623,Mixture,Mid shade,Garden,Minimal,34.6,5.0516
377,Oromia,Bale,Harena Buluk,39.696666666666665,7.285,1578,Mixture,Full shade,Semiforest,Moderate,48.86,8.506526000000001
378,Oromia,Bale,Harena Buluk,40.03638888888889,6.589444444444444,1667,Mixture,Full shade,Semiforest,Moderate,39.46,5.658564
379,Oromia,Bale,Harena Buluk,39.82166666666667,6.4975000000000005,1278,Local,Sun,Plantation,Unmanaged,49.9,12.6247
380,Oromia,Bale,Harena Buluk,39.661944444444444,6.403611111111111,1623,Mixture,Mid shade,Garden,Minimal,38.24,6.357815652173915
381,Oromia,Bale,Harena Buluk,39.62277777777778,7.0377777777777775,1578,Mixture,Full shade,Semiforest,Moderate,34.0804597701149,4.873505747126432
382,Oromia,Bale,Harena Buluk,39.46666666666667,6.849722222222222,1667,Mixture,Full shade,Semiforest,Moderate,36.8,5.24032
383,Oromia,Bale,Harena Buluk,39.696666666666665,6.652222222222222,1278,Local,Sun,Plantation,Unmanaged,49.7,12.246080000000003
384,Oromia,Bale,Harena Buluk,40.03638888888889,6.505833333333333,1623,Mixture,Mid shade,Garden,Minimal,48.46,10.210311304347828
385,Oromia,Bale,Harena Buluk,39.655,6.219444444444445,1578,Mixture,Full shade,Semiforest,Moderate,34.5,6.00645
386,Oromia,Bale,Harena Buluk,39.828611111111115,7.285,1278,Local,Sun,Plantation,Unmanaged,48.5,10.379
387,Oromia,Bale,Harena Buluk,39.45611111111111,6.589444444444444,1278,Local,Sun,Plantation,Unmanaged,47.3,10.9736
388,Oromia,Bale,Harena Buluk,39.96666666666667,6.4975000000000005,1278,Local,Sun,Plantation,Unmanaged,47.68,10.165376
389,Oromia,Bale,Harena Buluk,39.696666666666665,6.403611111111111,1278,Local,Sun,Plantation,Unmanaged,49.1,10.02131
390,Oromia,Bale,Harena Buluk,40.03638888888889,7.0377777777777775,1278,Local,Sun,Plantation,Unmanaged,48.24,10.241352000000001
391,Oromia,Bale,Delo Menna,39.82166666666667,6.849722222222222,1523,Mixture,Mid shade,Garden,Moderate,49.4,6.08608
392,Oromia,Bale,Delo Menna,39.661944444444444,6.652222222222222,1686,Mixture,Full shade,Semiforest,Moderate,38.46,7.076639999999999
393,Oromia,Bale,Delo Menna,39.62277777777778,6.505833333333333,1345,Mixture,Full shade,Semiforest,Moderate,16.8,0.756
394,Oromia,Bale,Delo Menna,39.46666666666667,6.219444444444445,1365,Local,Sun,Plantation,Unmanaged,49.39,7.70484
395,Oromia,Bale,Delo Menna,39.696666666666665,7.285,1523,Mixture,Mid shade,Garden,Moderate,49.5402298850575,3.898816091954026
396,Oromia,Bale,Delo Menna,40.20305555555556,6.589444444444444,1586,Mixture,Full shade,Semiforest,Moderate,38.2670487056803,7.041136961845175
397,Oromia,Bale,Delo Menna,39.98833333333334,6.4975000000000005,1745,Mixture,Full shade,Semiforest,Moderate,37.8275651551514,6.221411676379236
398,Oromia,Bale,Delo Menna,39.49527777777778,6.403611111111111,1365,Local,Sun,Plantation,Unmanaged,49.4,3.8433200000000003
399,Oromia,Bale,Delo Menna,39.78944444444444,6.219444444444445,1523,Mixture,Mid shade,Garden,Moderate,48.56,10.25249391304348
400,Oromia,Bale,Delo Menna,39.69972222222222,7.285,1586,Mixture,Full shade,Semiforest,Moderate,38.2670487056803,7.041136961845175
401,Oromia,Bale,Delo Menna,40.19222222222222,6.589444444444444,1365,Local,Sun,Plantation,Unmanaged,46.34,6.232729999999999
402,Oromia,Bale,Delo Menna,39.86638888888889,6.4975000000000005,1365,Local,Sun,Plantation,Unmanaged,46.56,6.1598880000000005
403,Oromia,Bale,Delo Menna,39.85888888888889,6.403611111111111,1365,Local,Sun,Plantation,Unmanaged,45.34,5.545082000000001
404,Oromia,Bale,Delo Menna,39.69972222222222,7.0377777777777775,1365,Local,Sun,Plantation,Unmanaged,43.26,4.897032
405,Oromia,Bale,Delo Menna,40.19222222222222,6.849722222222222,1365,Local,Sun,Plantation,Unmanaged,45.67,5.6356779999999995
241,Oromia,West Wellega,Haru,35.811922,9.163511,1086,Local,Sun,Plantation,Unmanaged,51.4,12.0276
242,Oromia,West Wellega,Haru,35.811536,9.163882,1367,Mixture,Mid shade,Garden,Minimal,25.3,1.82919
243,Oromia,West Wellega,Haru,35.811096,9.164539,1086,Local,Sun,Plantation,Unmanaged,48.23,12.346879999999999
244,Oromia,West Wellega,Haru,35.815355,9.173828,1367,Mixture,Mid shade,Garden,Minimal,25.3,1.9227999999999998
245,Oromia,West Wellega,Haru,35.816009,9.174156,1086,Local,Sun,Plantation,Unmanaged,51.4,12.402819999999998
246,Oromia,West Wellega,Haru,35.81661,9.174707,1367,Mixture,Mid shade,Garden,Minimal,25.6,1.8944000000000003
247,Oromia,West Wellega,Haru,35.817264,9.175162,1086,Local,Sun,Plantation,Unmanaged,60.45,14.127165000000003
248,Oromia,West Wellega,Haru,35.817908,9.175808,1367,Mixture,Mid shade,Garden,Minimal,25.3,1.8469
249,Oromia,West Wellega,Haru,35.818487,9.176094,1086,Local,Sun,Plantation,Unmanaged,65.36,28.065583999999998
250,Oromia,West Wellega,Haru,35.819387999999996,9.176444,1086,Local,Sun,Plantation,Unmanaged,46.66,19.979812
251,Oromia,West Wellega,Haru,35.819871,9.176899,1086,Local,Sun,Plantation,Unmanaged,65.32,32.73838399999999
252,Oromia,West Wellega,Haru,35.820429,9.177196,1086,Local,Sun,Plantation,Unmanaged,48.36,21.25422
253,Oromia,West Wellega,Haru,35.820912,9.177863,1086,Local,Sun,Plantation,Unmanaged,58.2,27.033900000000006
254,Oromia,West Wellega,Haru,35.821599,9.178223,1086,Local,Sun,Plantation,Unmanaged,58.45,27.763749999999998
255,Oromia,West Wellega,Haru,35.822082,9.178848,1086,Local,Sun,Plantation,Unmanaged,57.45,29.529300000000003
256,Oromia,West Wellega,Ayra,35.473181,9.170237,1423,Local,Sun,Plantation,Unmanaged,71.3,20.320499999999996
257,Oromia,West Wellega,Ayra,35.473589,9.170608,1645,Mixture,Mid shade,Garden,Moderate,41.4733545768025,7.478431042839935
258,Oromia,West Wellega,Ayra,35.473203,9.170862,1834,Mixture,Full shade,Semiforest,Moderate,29.23,2.431936
259,Oromia,West Wellega,Ayra,35.468354,9.171074,1423,Local,Sun,Plantation,Unmanaged,48.2,10.75342
260,Oromia,West Wellega,Ayra,35.467506,9.171741,1645,Mixture,Mid shade,Garden,Moderate,41.4733545768025,6.9260502143260165
261,Oromia,West Wellega,Ayra,35.467334,9.172874,1734,Mixture,Full shade,Semiforest,Moderate,32.32,4.243616
262,Oromia,West Wellega,Ayra,35.469587,9.17227,1423,Local,Sun,Plantation,Unmanaged,47.21,10.442852
263,Oromia,West Wellega,Ayra,35.46684,9.168203,1645,Mixture,Mid shade,Garden,Moderate,41.4733545768025,7.478431042839935
264,Oromia,West Wellega,Ayra,35.467097,9.167652,1734,Mixture,Full shade,Semiforest,Moderate,39.5402298850575,5.772873563218395
265,Oromia,West Wellega,Ayra,35.467011,9.168457,1423,Local,Sun,Plantation,Unmanaged,45.8641975308642,8.39314814814815
266,Oromia,West Wellega,Ayra,35.466453,9.169188,1645,Mixture,Mid shade,Garden,Moderate,41.4733545768025,7.228805702736676
267,Oromia,West Wellega,Ayra,35.466378,9.168605,1734,Mixture,Full shade,Semiforest,Moderate,39.5402298850575,5.420965517241383
268,Oromia,West Wellega,Ayra,35.466378,9.168213,1734,Mixture,Full shade,Semiforest,Moderate,39.5402298850575,5.87963218390805
269,Oromia,West Wellega,Ayra,35.466303,9.169728,1694,Mixture,Full shade,Semiforest,Moderate,27.402298850575,1.15089655172415
270,Oromia,West Wellega,Ayra,35.466196,9.169273,1734,Mixture,Full shade,Semiforest,Moderate,39.5402298850575,4.792275862068968
271,Oromia,West Wellega,Nejo,35.488372,9.482056,1642,Improved,Full shade,Forest,Intensive,12.62,1.4311079999999996
272,Oromia,West Wellega,Nejo,35.502952,9.502333,1674,Local,Sun,Plantation,Moderate,49.45,20.85801
273,Oromia,West Wellega,Nejo,35.502641,9.502487,1876,Improved,Full shade,Forest,Intensive,27.45,5.325299999999999
274,Oromia,West Wellega,Nejo,35.502687,9.502521,1674,Mixture,Full shade,Semiforest,Intensive,26.78,4.8204
275,Oromia,West Wellega,Nejo,35.502566,9.502643,1876,Improved,Full shade,Garden,Intensive,31.5706707086018,6.175223190602512
276,Oromia,West Wellega,Nejo,35.502496,9.502644,1674,Local,Sun,Plantation,Moderate,61.46,23.772728
277,Oromia,West Wellega,Nejo,35.502475,9.502592,1876,Improved,Full shade,Garden,Intensive,31.5706707086018,7.756913793103462
278,Oromia,West Wellega,Nejo,35.502397,9.502759,1774,Mixture,Full shade,Semiforest,Intensive,26.87,2.25708
279,Oromia,West Wellega,Nejo,35.502263,9.502886,1876,Improved,Full shade,Semiforest,Intensive,30.95,8.706235
280,Oromia,West Wellega,Nejo,35.502177,9.500685,1674,Mixture,Full shade,Semiforest,Intensive,26.76,6.1494480000000005
281,Oromia,West Wellega,Nejo,35.496341,9.497891,1674,Local,Sun,Plantation,Moderate,40.84,16.111380000000004
282,Oromia,West Wellega,Nejo,35.495762,9.497584,1674,Mixture,Full shade,Semiforest,Intensive,24.98,6.717122000000001
283,Oromia,West Wellega,Nejo,35.495294,9.497182,1674,Mixture,Full shade,Semiforest,Intensive,25.78,4.862108
284,Oromia,West Wellega,Nejo,35.494786,9.498441,1674,Local,Sun,Plantation,Moderate,41.65,17.534650000000003
285,Oromia,West Wellega,Nejo,35.494046,9.497542,1674,Mixture,Full shade,Semiforest,Intensive,26.79,6.461747999999999
